Gene_Name,Upstream_15b,SD_Motif,Downstream_15b,Distance_to_Gene,Complete_Region
PA3773,TGGTCCATGTGTTCT,GAGG,AGGCGCAGCCATGAG,10,TGGTCCATGTGTTCTGAGGAGGCGCAGCCATGAG
PA2506,GACGAGCCAACCCGA,GAGG,TTTGCCATGAAGATC,6,GACGAGCCAACCCGAGAGGTTTGCCATGAAGATC
mdcC,CCGGTGGGTGGGCTG,GGAG,TCTCTGAGATGGAAA,8,CCGGTGGGTGGGCTGGGAGTCTCTGAGATGGAAA
mdcA,GACAGCGTGAAACCT,GGAG,CCGACATGACGACAC,5,GACAGCGTGAAACCTGGAGCCGACATGACGACAC
PA3780,CCTGTCCGACTTTCC,GGAG,TACCTCCCATGCCGT,8,CCTGTCCGACTTTCCGGAGTACCTCCCATGCCGT
mdcD,CCTGGAGCAGGCACT,GGAG,GAGGCTGGCCATGAC,10,CCTGGAGCAGGCACTGGAGGAGGCTGGCCATGAC
mdcD,GAGCAGGCACTGGAG,GAGG,CTGGCCATGACTGAC,6,GAGCAGGCACTGGAGGAGGCTGGCCATGACTGAC
PA5155,CGGCCGTGGTTTCGT,GAGG,AACGAGCTATGAGCG,8,CGGCCGTGGTTTCGTGAGGAACGAGCTATGAGCG
PA0209,CGCCGGCGCGTTTCA,GGAG,CTGGTGATGAACGCC,6,CGCCGGCGCGTTTCAGGAGCTGGTGATGAACGCC
metE,ATCGACCTTTCGACT,GGAG,GAACACCCATGGCCC,8,ATCGACCTTTCGACTGGAGGAACACCCATGGCCC
mdcE,CAGGGGCTGGGCCAA,GGAG,ATGCAACATGAGCCA,7,CAGGGGCTGGGCCAAGGAGATGCAACATGAGCCA
PA0738,TGCCGATACCGAAAC,GAGG,AGGTTCCCATGAGTC,8,TGCCGATACCGAAACGAGGAGGTTCCCATGAGTC
PA2918,TCTCCACTCACCGCA,GGAG,AAACACCCCATGGTC,9,TCTCCACTCACCGCAGGAGAAACACCCCATGGTC
PA1051,ACACCCATAACAACA,AGGAGG,CGGCTCATGACCCTG,6,ACACCCATAACAACAAGGAGGCGGCTCATGACCCTG
PA5026,TGGGATCCCCGACAT,GGAG,AGCGCCATGCCACTG,6,TGGGATCCCCGACATGGAGAGCGCCATGCCACTG
PA0107,CGCCCGAGGTCAAGT,GAGG,AGCGCGTCATGAGCG,8,CGCCCGAGGTCAAGTGAGGAGCGCGTCATGAGCG
nalC,CGACCGCCACCCCGC,GAGG,CCCGATACCGCTCAT,13,CGACCGCCACCCCGCGAGGCCCGATACCGCTCAT
PA3920,CTTCTGTCCATTCCA,AGGAGG,ACTCATGAACAGCGC,4,CTTCTGTCCATTCCAAGGAGGACTCATGAACAGCGC
PA0111,TGTGCGCCGCGCACG,GGAG,AAAAACCATGAGTCT,7,TGTGCGCCGCGCACGGGAGAAAAACCATGAGTCT
arcD,TCTCAATTCCTATAG,GGAG,ATTCCGAAAATGTCC,9,TCTCAATTCCTATAGGGAGATTCCGAAAATGTCC
PA0530,GTGGAGTACATGACC,GAGG,AACTGAAAGATGGCT,9,GTGGAGTACATGACCGAGGAACTGAAAGATGGCT
PA4610,CTGATGGCCGGACAA,GGAG,ACTTCCATGCGCACA,6,CTGATGGCCGGACAAGGAGACTTCCATGCGCACA
coIII,GTTGCGGGACGATAA,GGAG,AACAACATGGCAAGC,6,GTTGCGGGACGATAAGGAGAACAACATGGCAAGC
coxA,GCAGAAACAACAATA,GGAG,ACCGCCATGAGTGCT,6,GCAGAAACAACAATAGGAGACCGCCATGAGTGCT
PA3331,CCGCCCCGGCGGCGA,AGGAGG,AGCAACGTGCCTGAT,6,CCGCCCCGGCGGCGAAGGAGGAGCAACGTGCCTGAT
PA3332,CGCCAACCCGATCGA,GAGG,ATCGCCCAATGAATG,8,CGCCAACCCGATCGAGAGGATCGCCCAATGAATG
PA2753,CCCGGTTATCCGAAA,AGGAGG,CAGGCCATGTTCATT,6,CCCGGTTATCCGAAAAGGAGGCAGGCCATGTTCATT
arcA,TCTGATTACTCCACT,GGAG,ACGTGAAATGAGCAC,7,TCTGATTACTCCACTGGAGACGTGAAATGAGCAC
PA3330,CAACGATCCGCCCTC,GAGG,AGCAATGACATGTTA,9,CAACGATCCGCCCTCGAGGAGCAATGACATGTTA
PA0214,CCCCTGGCGGATCGC,GGAG,GTCGAGGCATGAGCG,8,CCCCTGGCGGATCGCGGAGGTCGAGGCATGAGCG
PA1196,GACATCCGGGAAACC,GAGG,GGGAGAGCATGGCGC,8,GACATCCGGGAAACCGAGGGGGAGAGCATGGCGC
fabH2,GCCAAGATCGTCCAG,GGAG,CCTGAGCCATGCCGC,8,GCCAAGATCGTCCAGGGAGCCTGAGCCATGCCGC
PA5027,GCGTAGCCATCCCAC,GGAG,TCCGCCATGATCCGC,6,GCGTAGCCATCCCACGGAGTCCGCCATGATCCGC
PA3329,GCACTGACCTTCCCA,GGAG,TCGAATGATGGCCGA,4,GCACTGACCTTCCCAGGAGTCGAATGATGGCCGA
PA2264,CCGTGATGATCCAGA,GAGG,ACCCCACCATGCCCG,8,CCGTGATGATCCAGAGAGGACCCCACCATGCCCG
PA1060,CGCGGCGCCCGTGGT,GGAG,ATTCCCTTGACTCGG,6,CGCGGCGCCCGTGGTGGAGATTCCCTTGACTCGG
PA2090,GGCCTACACCTTCTA,AGGAGG,ACGAACCATGAGCAT,7,GGCCTACACCTTCTAAGGAGGACGAACCATGAGCAT
PA0506,CCAGAACCCTTCGTA,GAGG,TTGACTGCTATGCCT,9,CCAGAACCCTTCGTAGAGGTTGACTGCTATGCCT
PA0103,TGGAAAAAATTCGCA,GGAG,AACTGTGCCATGCAT,9,TGGAAAAAATTCGCAGGAGAACTGTGCCATGCAT
acsA,CAACACTCACGTACC,GAGG,TTAAAGCCATGTCTG,8,CAACACTCACGTACCGAGGTTAAAGCCATGTCTG
PA0213,GCAGTGGTGAATTCA,GGAG,CGAGCCGTGGTCATC,6,GCAGTGGTGAATTCAGGAGCGAGCCGTGGTCATC
atuG,CAACGACAAGAAAAC,GGAG,ACGCCCATGTCACTG,6,CAACGACAAGAAAACGGAGACGCCCATGTCACTG
PA1076,TTCCGATTCCCACCA,GGAG,ATTCGTCATGTTCGA,7,TTCCGATTCCCACCAGGAGATTCGTCATGTTCGA
PA2805,GAAGACTTGTACGTC,GAGG,GAAATACCATGCCGA,8,GAAGACTTGTACGTCGAGGGAAATACCATGCCGA
PA0113,GACAGACAGAAGGAT,GGAG,GTAAGGATATGGCCA,8,GACAGACAGAAGGATGGAGGTAAGGATATGGCCA
PA3327,CGATGGATTGTTGAA,GAGG,ACGCAGGGATGGTTC,8,CGATGGATTGTTGAAGAGGACGCAGGGATGGTTC
PA5530,AGACAACAACGAAAA,GAGG,AAACACGATGGAAAG,7,AGACAACAACGAAAAGAGGAAACACGATGGAAAG
rpsT,TACCCAGTTTTTTTC,GAGG,AGCTCGACGGTGGCC,9,TACCCAGTTTTTTTCGAGGAGCTCGACGGTGGCC
PA3335,AGAGCGAGATTCGCT,GGAG,GAAGAGGTGAGTCAG,6,AGAGCGAGATTCGCTGGAGGAAGAGGTGAGTCAG
sodB,ACCTGAGGAAGAATA,GGAG,AGACACCATGGCTTT,7,ACCTGAGGAAGAATAGGAGAGACACCATGGCTTT
PA2953,CGTGAGCCTTGAGTA,GGAG,ATCGATAGTGGAACG,7,CGTGAGCCTTGAGTAGGAGATCGATAGTGGAACG
narL,ACCCTCCGCCGCCAA,GGAG,CCGACCCCATGACGG,8,ACCCTCCGCCGCCAAGGAGCCGACCCCATGACGG
thrB,CATTTCCAACCTGGC,GAGG,CCGCGCTGACATGTC,10,CATTTCCAACCTGGCGAGGCCGCGCTGACATGTC
cyoB,GCAACCGAGTACCCA,GGAG,TAAGCGCAGATGTTC,9,GCAACCGAGTACCCAGGAGTAAGCGCAGATGTTC
PA0689,TCTTGTGGGGAACCC,AGGAGG,TTTTCATGCTCAAGC,5,TCTTGTGGGGAACCCAGGAGGTTTTCATGCTCAAGC
PA0596,AACGGCTAGGGCCGT,GGAG,AACCCCGTAAATGTC,10,AACGGCTAGGGCCGTGGAGAACCCCGTAAATGTC
htpX,CGTGCCTTCAGCCGT,GAGG,AGAAGCTTTACACCA,14,CGTGCCTTCAGCCGTGAGGAGAAGCTTTACACCA
PA5494,GGACGATTCGATAAA,GGAG,CAAGGTTACCATGCG,10,GGACGATTCGATAAAGGAGCAAGGTTACCATGCG
PA2567,CATCGCAGTAGCCCA,GGAG,TCCAGCATGGCAACC,6,CATCGCAGTAGCCCAGGAGTCCAGCATGGCAACC
PA2820,GAAAATTCTTACAGC,GGAG,TCCCAAGGTGTCGCC,7,GAAAATTCTTACAGCGGAGTCCCAAGGTGTCGCC
PA1762,GGTCTTTCTCCGAAA,GAGG,TACGACGGGGCGATG,12,GGTCTTTCTCCGAAAGAGGTACGACGGGGCGATG
hslV,TCGGCCCCGCAGTGT,GGAG,ATTTCCCCCTTGACC,9,TCGGCCCCGCAGTGTGGAGATTTCCCCCTTGACC
arnC,CATCGAGGAGATCCT,GGAG,AAACGTCGATGAAGC,8,CATCGAGGAGATCCTGGAGAAACGTCGATGAAGC
PA2266,CGCTGGTGCAGGCAT,GAGG,AGCGCAACGATGAAA,9,CGCTGGTGCAGGCATGAGGAGCGCAACGATGAAA
PA4504,TTCGCCACCAACGCT,GAGG,AGCGAGCCGATGAAC,9,TTCGCCACCAACGCTGAGGAGCGAGCCGATGAAC
PA4108,ACCTGGCCCAGTCTC,GAGG,TCGAGCCCATCGTGC,11,ACCTGGCCCAGTCTCGAGGTCGAGCCCATCGTGC
PA2265,GGCGATTTCCGGCGA,GAGG,GGTTGAACATGGCGA,8,GGCGATTTCCGGCGAGAGGGGTTGAACATGGCGA
PA5229,CGTATATCTACGAAA,GAGG,AGCAAAGTTCATGCC,10,CGTATATCTACGAAAGAGGAGCAAAGTTCATGCC
nuoA,ATATCCGGTACAGAA,GGAG,TATCAGCATGCCAAA,7,ATATCCGGTACAGAAGGAGTATCAGCATGCCAAA
PA2323,TCATCCACGTCATTC,GAGG,ACCCGCCATGACCGC,7,TCATCCACGTCATTCGAGGACCCGCCATGACCGC
clpV1,GCCGCACGAGCACAA,GGAG,AAGGAACATGAGTGA,7,GCCGCACGAGCACAAGGAGAAGGAACATGAGTGA
PA3336,CGTCTGAACCGCTCG,GGAG,CTGGAAACATGCCTT,8,CGTCTGAACCGCTCGGGAGCTGGAAACATGCCTT
PA4140,CCAGCGCCCCGATCA,GGAG,AACCGCCATGCACGA,7,CCAGCGCCCCGATCAGGAGAACCGCCATGCACGA
aceE,AAGCCTTTCCGCCCT,GGAG,CAAGCCATGCAAGAC,6,AAGCCTTTCCGCCCTGGAGCAAGCCATGCAAGAC
aotQ,TGCATTAGCTGCATA,GAGG,TACCGTTTTGATGAT,10,TGCATTAGCTGCATAGAGGTACCGTTTTGATGAT
pncB1,CGCCGGCGCCGACAA,GGAG,AAGTGAACATGGCCG,8,CGCCGGCGCCGACAAGGAGAAGTGAACATGGCCG
PA3688,CACGACCGGGCTGAA,GAGG,TCAGCATGAAGATCC,5,CACGACCGGGCTGAAGAGGTCAGCATGAAGATCC
adhA,CTCAGCCCCGTCCAA,GGAG,ATGACCATGACCCTG,6,CTCAGCCCCGTCCAAGGAGATGACCATGACCCTG
PA3451,TTGGCCCGCTATCCA,GGAG,TCGCCGTCATGTTGG,8,TTGGCCCGCTATCCAGGAGTCGCCGTCATGTTGG
PA2758,TCAGATCTGCTGATA,GGAG,AATTGCCATGAACTT,7,TCAGATCTGCTGATAGGAGAATTGCCATGAACTT
PA4497,GGCCGTCCCGCTCCA,GAGG,AGTCATCCATGCGAC,8,GGCCGTCCCGCTCCAGAGGAGTCATCCATGCGAC
bkdA2,GCGCCGGCAACGCCA,GGAG,CTCGGGGTATGAATG,8,GCGCCGGCAACGCCAGGAGCTCGGGGTATGAATG
PA3535,AGACCAATAAAGCGT,GGAG,ACCGCATGACCGACG,5,AGACCAATAAAGCGTGGAGACCGCATGACCGACG
PA4998,CGGGCCGTTCGTTCA,GGAG,CTCGCATGCGAGTCA,5,CGGGCCGTTCGTTCAGGAGCTCGCATGCGAGTCA
ccpR,TGTAACGCCTGATAA,GGAG,AAAAAAAGATGCAGT,8,TGTAACGCCTGATAAGGAGAAAAAAAGATGCAGT
dctA,GCGAAGCGCCCCCGT,GAGG,ACTCTGCCCATGACC,9,GCGAAGCGCCCCCGTGAGGACTCTGCCCATGACC
cyoE,TGATGCCGATGCCCT,GAGG,GCCATGACGTGAAGC,8,TGATGCCGATGCCCTGAGGGCCATGACGTGAAGC
PA2799,CATCGCCCCGACCAT,GAGG,ATCAGCCCATGCAGC,8,CATCGCCCCGACCATGAGGATCAGCCCATGCAGC
atuD,AAAACAATGATGCCC,AGGAGG,AAAGACAACCCATGA,11,AAAACAATGATGCCCAGGAGGAAAGACAACCCATGA
hslU,CGCTCGTCCCCCGCT,GGAG,TAAACGAATGTCCAT,7,CGCTCGTCCCCCGCTGGAGTAAACGAATGTCCAT
PA3334,CGACAATGGACTGAA,GAGG,GAAGAACAATGCCCA,8,CGACAATGGACTGAAGAGGGAAGAACAATGCCCA
nadE,CTTTCGCACCTAACG,GGAG,CCCGAACATGCAACA,7,CTTTCGCACCTAACGGGAGCCCGAACATGCAACA
hcp1,GGCGCGAGCCACACG,GGAG,GAAAGATGGCTGTTG,5,GGCGCGAGCCACACGGGAGGAAAGATGGCTGTTG
PA4657,CGCTACACAACCAGA,GAGG,CATGTCATGAGCGTC,6,CGCTACACAACCAGAGAGGCATGTCATGAGCGTC
capB,ATCAACTTTGTTTCA,GGAG,TTACACCATGTCGAA,7,ATCAACTTTGTTTCAGGAGTTACACCATGTCGAA
PA2588,TAGCATCGCGTGCAA,GAGG,TAACCGATGAGCCCG,6,TAGCATCGCGTGCAAGAGGTAACCGATGAGCCCG
PA0201,GTGATGAATTTTTCT,GGAG,GGTTCTCCATGCACA,8,GTGATGAATTTTTCTGGAGGGTTCTCCATGCACA
PA2262,AACAAGACAAGCTCA,GGAG,ATACCCGACCATGAC,10,AACAAGACAAGCTCAGGAGATACCCGACCATGAC
metR,AGTTTTGCTCATACA,GAGG,CCGCCATGCTCGAAC,5,AGTTTTGCTCATACAGAGGCCGCCATGCTCGAAC
glnA,GCTCTAATCCCTCCT,GGAG,GACAGCATGTCGTAC,6,GCTCTAATCCCTCCTGGAGGACAGCATGTCGTAC
argS,TCTGCCCGCGAGCAC,GGAG,AGAACGATGAAAGAC,6,TCTGCCCGCGAGCACGGAGAGAACGATGAAAGAC
PA1429,TCTGTTCATCAGAAC,GAGG,CGCAGGAATCCCATG,12,TCTGTTCATCAGAACGAGGCGCAGGAATCCCATG
PA0082,CGGCTTCGATGATAG,GGAG,ATCGTCACCGTGCTG,9,CGGCTTCGATGATAGGGAGATCGTCACCGTGCTG
oprG,TCTAATACAAGGAAT,GGAG,CTCATCATGCGTAAG,6,TCTAATACAAGGAATGGAGCTCATCATGCGTAAG
PA1559,GCGACTGACTTCTCT,GAGG,GGGGAAGACATGAAC,9,GCGACTGACTTCTCTGAGGGGGGAAGACATGAAC
PA0833,GCGTTTCAGTACCTC,GAGG,AGTAGTTTTCCCATG,12,GCGTTTCAGTACCTCGAGGAGTAGTTTTCCCATG
PA4506,TTGAACCTGCTGAAC,GAGG,TGGCCTGATGGAAAC,7,TTGAACCTGCTGAACGAGGTGGCCTGATGGAAAC
PA1062,TGGCTGGACTTTGAA,GGAG,TGGATATGCACCGTT,5,TGGCTGGACTTTGAAGGAGTGGATATGCACCGTT
PA3978,TGCCCGCCCCGATCC,AGGAGG,TGTCTTCCCCTCATG,12,TGCCCGCCCCGATCCAGGAGGTGTCTTCCCCTCATG
aceF,TGGTGGCACGTAAAA,GGAG,AGGAATGTGAGCGAA,6,TGGTGGCACGTAAAAGGAGAGGAATGTGAGCGAA
PA2263,CCCCTGACCGACTCC,GGAG,CATCCGATGAAGAAA,6,CCCCTGACCGACTCCGGAGCATCCGATGAAGAAA
PA4918,CCCAACCCGTCAAGC,GGAG,GCTTCCATGAATCGC,6,CCCAACCCGTCAAGCGGAGGCTTCCATGAATCGC
sigX,CGAGCGTGCGCACTC,GGAG,CTGTTCCACGTGACG,9,CGAGCGTGCGCACTCGGAGCTGTTCCACGTGACG
PA0876,AAGCGTCAGAGCCTA,GAGG,GCCGTGATGGATATC,6,AAGCGTCAGAGCCTAGAGGGCCGTGATGGATATC
pilI,GTTCTGAGCCGTCAT,GGAG,GATCACATGCCCAGT,6,GTTCTGAGCCGTCATGGAGGATCACATGCCCAGT
PA5335,CCCCACACGACTATC,GAGG,TAGACCCATGGTGCA,7,CCCCACACGACTATCGAGGTAGACCCATGGTGCA
PA3614,CGACAGAGCTCTGAC,GGAG,GAGGCTCGATGGCAT,8,CGACAGAGCTCTGACGGAGGAGGCTCGATGGCAT
PA3614,AGAGCTCTGACGGAG,GAGG,CTCGATGGCATCACT,4,AGAGCTCTGACGGAGGAGGCTCGATGGCATCACT
nuoB,CGAAGCTAAAACAAT,GAGG,CTTTGGCGATGCAAT,8,CGAAGCTAAAACAATGAGGCTTTGGCGATGCAAT
PA1729,CCTTCAGACTGGGGA,AGGAGG,TAAGCCATGAGCGAT,6,CCTTCAGACTGGGGAAGGAGGTAAGCCATGAGCGAT
PA3662,CTACCGCGGAATCGC,GGAG,CAGCGGCCCATGAGG,9,CTACCGCGGAATCGCGGAGCAGCGGCCCATGAGG
PA4027,CGATCGCTCAGAGCA,GAGG,CATCCATGGGTTCGC,5,CGATCGCTCAGAGCAGAGGCATCCATGGGTTCGC
PA5167,ACAGACAAGAACAAA,GAGG,AAGTCTCATGCTCAA,7,ACAGACAAGAACAAAGAGGAAGTCTCATGCTCAA
hitA,ATTTGTAACCCACGG,GGAG,AATCCATGCCTGTTC,5,ATTTGTAACCCACGGGGAGAATCCATGCCTGTTC
PA5505,AGGAACACCTCGAAA,GGAG,TTGAAGATGAAAAAA,6,AGGAACACCTCGAAAGGAGTTGAAGATGAAAAAA
chpA,CTCAGGCACATGAAT,GGAG,TGGCTATGGGTGACC,5,CTCAGGCACATGAATGGAGTGGCTATGGGTGACC
nuoH,CCGTGGAAGGTCTGC,AGGAGG,CTGCACAATGAGTTG,7,CCGTGGAAGGTCTGCAGGAGGCTGCACAATGAGTTG
flgM,GCGTCCAATACCTTC,GAGG,TTTACAACCATGGTC,9,GCGTCCAATACCTTCGAGGTTTACAACCATGGTC
sucA,GGTTGTCCCCTTACC,GAGG,GTGACCTAGCATGCA,10,GGTTGTCCCCTTACCGAGGGTGACCTAGCATGCA
PA3017,CACTATCCCCTTCTG,GGAG,GAGACGTTCATGCCC,9,CACTATCCCCTTCTGGGAGGAGACGTTCATGCCC
PA1737,CGAGCGCGTGTGAAG,GGAG,AACCGGAATGACTGA,7,CGAGCGCGTGTGAAGGGAGAACCGGAATGACTGA
PA0729,CGCTCAGCCAGAATA,AGGAGG,TTTAATGTCCCCGGT,4,CGCTCAGCCAGAATAAGGAGGTTTAATGTCCCCGGT
clpP,TTCACTATCTGTTAG,GGAG,TGATCGCAAGACATG,12,TTCACTATCTGTTAGGGAGTGATCGCAAGACATG
PA0838,TCGCTGAATGCGCAA,GGAG,TACGTCATGAGTGCC,6,TCGCTGAATGCGCAAGGAGTACGTCATGAGTGCC
sucD,AGTCGTCAAGGCCGC,GGAG,GGTAAGTAATGAGCG,8,AGTCGTCAAGGCCGCGGAGGGTAAGTAATGAGCG
PA1031,AAGGGCCAGCCTGGC,GGAG,CGCGAGATAGCCTTG,12,AAGGGCCAGCCTGGCGGAGCGCGAGATAGCCTTG
PA1103,GGCGGCAAGGGTGGC,GAGG,AGATGATCTGAGGTG,12,GGCGGCAAGGGTGGCGAGGAGATGATCTGAGGTG
lasI,TTCAGCTTCCTATTT,GGAG,GAAGTGAAGATGATC,9,TTCAGCTTCCTATTTGGAGGAAGTGAAGATGATC
PA2405,CCTGGCTGAACAAAC,GAGG,TAAGCAATGAGCATC,6,CCTGGCTGAACAAACGAGGTAAGCAATGAGCATC
exsD,AGCGCGCAATGTAGT,GAGG,AAGCCAAGGCAGAGA,15,AGCGCGCAATGTAGTGAGGAAGCCAAGGCAGAGA
PA4495,TCAGCCTTAGTACAA,GGAG,TTGCCCAATGTCTGC,7,TCAGCCTTAGTACAAGGAGTTGCCCAATGTCTGC
PA3461,TTCCCCCTCAGCCGC,GAGG,TGCCTTCATGACCCC,7,TTCCCCCTCAGCCGCGAGGTGCCTTCATGACCCC
PA0543,AAGACACCGAGAACG,GGAG,AACCGCGATGCGTAC,7,AAGACACCGAGAACGGGAGAACCGCGATGCGTAC
PA3460,CAGGGGCCCGAACCA,GGAG,CGATCATGAAAGGCC,5,CAGGGGCCCGAACCAGGAGCGATCATGAAAGGCC
nirQ,CTAATCCCTAGCGCA,GGAG,TAGGACATGCGGGAC,6,CTAATCCCTAGCGCAGGAGTAGGACATGCGGGAC
PA1348,TGGAAGAAAGATGGC,GAGG,CGAGTGCGTGCCGGG,7,TGGAAGAAAGATGGCGAGGCGAGTGCGTGCCGGG
PA1458,AGTAACACGTCTCTG,GGAG,CAGCCGAATGAGCTT,7,AGTAACACGTCTCTGGGAGCAGCCGAATGAGCTT
oprH,CGACTCTCGCAGAAC,GGAG,AAACACCATGAAAGC,7,CGACTCTCGCAGAACGGAGAAACACCATGAAAGC
flgJ,ACCTGATCGTGATTT,GAGG,ACGACGCCATGGATT,8,ACCTGATCGTGATTTGAGGACGACGCCATGGATT
popD,GACCGGCAGCGATCT,GAGG,AGACGTCACATGATC,9,GACCGGCAGCGATCTGAGGAGACGTCACATGATC
PA3795,CACAGGACCGCACTC,AGGAGG,GATGACGCATGACCA,8,CACAGGACCGCACTCAGGAGGGATGACGCATGACCA
PA0460,CGTTCGATATCTCAT,GAGG,AATTGCCGATGCGCG,8,CGTTCGATATCTCATGAGGAATTGCCGATGCGCG
PA2408,GGTCCGCGCCATCCA,GGAG,TCCGGCGCATGACCG,8,GGTCCGCGCCATCCAGGAGTCCGGCGCATGACCG
PA1245,CGAGACAACTCAATC,GAGG,AACAGAAGATGGGAT,8,CGAGACAACTCAATCGAGGAACAGAAGATGGGAT
PA3691,TCAGCATCCCTGTCA,GAGG,AAATTTCCCATGGAG,9,TCAGCATCCCTGTCAGAGGAAATTTCCCATGGAG
PA1441,AATCCCTTCGCAAAT,GGAG,AATTCCCATGGCCGT,7,AATCCCTTCGCAAATGGAGAATTCCCATGGCCGT
coaB,GTAAAGCCAAGTAGA,GAGG,AAACACCATGAAAGC,7,GTAAAGCCAAGTAGAGAGGAAACACCATGAAAGC
flgK,CCTCTGGGTTGAGCA,AGGAGG,AACTGACCCATGTCC,9,CCTCTGGGTTGAGCAAGGAGGAACTGACCCATGTCC
PA3459,ACCCACTTCCCCAAC,GGAG,AACCGGTAAGGAATA,14,ACCCACTTCCCCAACGGAGAACCGGTAAGGAATA
rmf,TAACAGTCAACAAGT,GAGG,GCAACACCCTATGAG,10,TAACAGTCAACAAGTGAGGGCAACACCCTATGAG
pirA,CGTTTTCCCTCGACA,GGAG,TAGTCACGCATGTAC,9,CGTTTTCCCTCGACAGGAGTAGTCACGCATGTAC
PA2815,GCCTGGCGTCTTCAT,GGAG,GATTCCGCATGTTGT,8,GCCTGGCGTCTTCATGGAGGATTCCGCATGTTGT
PA1323,CAAGTCATTTTTCAG,GGAG,CCTCTTCGATGGCAC,8,CAAGTCATTTTTCAGGGAGCCTCTTCGATGGCAC
flhF,CAAGACTACTGAACT,GAGG,GGTTCGGGCAATGCA,10,CAAGACTACTGAACTGAGGGGTTCGGGCAATGCA
phaC2,CTGTGGTCCTACGAC,GGAG,TGTGGTCCATGCGAG,8,CTGTGGTCCTACGACGGAGTGTGGTCCATGCGAG
PA4786,GGAGCCTTTCCACCG,GGAG,CCCGTTCCATGACCG,8,GGAGCCTTTCCACCGGGAGCCCGTTCCATGACCG
PA1263,GTCCTTGTGCGGAAG,GGAG,TGGGCTGGCAGCATG,12,GTCCTTGTGCGGAAGGGAGTGGGCTGGCAGCATG
PA4833,GCGTTGTCTATCGCG,GGAG,GATCATGCGTCATGT,11,GCGTTGTCTATCGCGGGAGGATCATGCGTCATGT
PA1112,TTTTCGCTTGGGGAA,GGAG,AGAACGCATGCCGGG,7,TTTTCGCTTGGGGAAGGAGAGAACGCATGCCGGG
pcrV,GTGGCTTGTTGATCT,GAGG,AATCACGATGGAAGT,7,GTGGCTTGTTGATCTGAGGAATCACGATGGAAGT
PA1301,CGGCGGCTTGGCCAG,GGAG,GCGAAGGATGAAGCC,7,CGGCGGCTTGGCCAGGGAGGCGAAGGATGAAGCC
PA1047,GTTCACAAGGCCGCC,GAGG,GCTGGAAGAATGCCC,9,GTTCACAAGGCCGCCGAGGGCTGGAAGAATGCCC
PA2433,CACCCGGCCCACAAA,GGAG,AACTGCCATGATCGT,7,CACCCGGCCCACAAAGGAGAACTGCCATGATCGT
PA3891,CAGCGCGCACTGACA,GGAG,CCGAACATGATCGAA,6,CAGCGCGCACTGACAGGAGCCGAACATGATCGAA
treA,CCGGCGTTTGCCGAA,GAGG,AGACAGCCGATGCCT,9,CCGGCGTTTGCCGAAGAGGAGACAGCCGATGCCT
PA1344,GTTCGTCACTCGACA,GGAG,ACTCCCATGCAGATC,6,GTTCGTCACTCGACAGGAGACTCCCATGCAGATC
PA1545,AATTCCATTTTTCCC,GGAG,TGACTGGAATGTTGA,8,AATTCCATTTTTCCCGGAGTGACTGGAATGTTGA
PA0624,GACCTCGGCCTGTAA,GAGG,AGCTCCGGACATGAC,10,GACCTCGGCCTGTAAGAGGAGCTCCGGACATGAC
flgI,CGCTGTGGCCGTTCT,GAGG,ACGCTCGCGATGACC,9,CGCTGTGGCCGTTCTGAGGACGCTCGCGATGACC
pdxJ,GTTCATGAACCGTAA,GGAG,TCACCCCGTGACTGA,7,GTTCATGAACCGTAAGGAGTCACCCCGTGACTGA
fliE,AAAGCCGCGGCTGTT,GGAG,GAAGAGTCATGAGTC,8,AAAGCCGCGGCTGTTGGAGGAAGAGTCATGAGTC
mscL,ATTAGCGAAATACAG,GGAG,TGAACCCATGGGTCT,7,ATTAGCGAAATACAGGGAGTGAACCCATGGGTCT
PA1606,CGCCAGTCCCATCCA,GGAG,TGAGTCATGTCCTTC,6,CGCCAGTCCCATCCAGGAGTGAGTCATGTCCTTC
PA0907,CAGGTGGGCCGGCCA,AGGAGG,GAATACCATGTTTCA,7,CAGGTGGGCCGGCCAAGGAGGGAATACCATGTTTCA
PA0279,GGCAATGTTTCATCC,GGAG,GTGAAGCATGCAATT,7,GGCAATGTTTCATCCGGAGGTGAAGCATGCAATT
PA1663,TCTGCGAGTTCGCCT,GAGG,TGGGTGCGATGTTCA,8,TCTGCGAGTTCGCCTGAGGTGGGTGCGATGTTCA
PA3889,GCGGCCTGACCGCCA,AGGAGG,CCTGATGAACCGACT,4,GCGGCCTGACCGCCAAGGAGGCCTGATGAACCGACT
PA3788,CCTTTCATGACCAAG,GGAG,ACACCGCATGACTCA,7,CCTTTCATGACCAAGGGAGACACCGCATGACTCA
PA3369,GCAAAGCTACGAAAT,GGAG,GTGAACATGAGCAGC,6,GCAAAGCTACGAAATGGAGGTGAACATGAGCAGC
pqsD,TGAACCACGGTGTCC,GAGG,AGGGCTGCACATGGG,10,TGAACCACGGTGTCCGAGGAGGGCTGCACATGGG
exsC,CATGCGCTGAGCTTT,AGGAGG,CGCCCCCATGGATTT,7,CATGCGCTGAGCTTTAGGAGGCGCCCCCATGGATTT
flhA,CATACGCAGGGCAGG,GGAG,TCGAGAGTGGATCGC,6,CATACGCAGGGCAGGGGAGTCGAGAGTGGATCGC
fliF,CGGTCTGAGCGGCGC,GAGG,ATAACTAGTTCATGG,11,CGGTCTGAGCGGCGCGAGGATAACTAGTTCATGG
pqsE,CTGTACCGCAAACCT,GAGG,AGGTGAACCGGCCAT,13,CTGTACCGCAAACCTGAGGAGGTGAACCGGCCAT
PA3888,ACGCTCATTCCGAAG,GGAG,TCCCGACCATGGTGA,8,ACGCTCATTCCGAAGGGAGTCCCGACCATGGTGA
phnB,GCCGAACGCGAAAGG,GGAG,AGCGCGATGCGCATC,6,GCCGAACGCGAAAGGGGAGAGCGCGATGCGCATC
pscB,AAAGCCGGCCCTACC,GAGG,AATCATGGATCATCT,4,AAAGCCGGCCCTACCGAGGAATCATGGATCATCT
PA1661,GTGAGGAGCACACAG,GGAG,ACGTGTACCAATGGA,10,GTGAGGAGCACACAGGGAGACGTGTACCAATGGA
PA1370,ATAACCTGGATGAGT,GAGG,TGGGTTTGTGTCGAG,7,ATAACCTGGATGAGTGAGGTGGGTTTGTGTCGAG
PA1364,CGGCTCGGCCGCGGC,GAGG,CACGGCCATGACCCA,7,CGGCTCGGCCGCGGCGAGGCACGGCCATGACCCA
PA1657,GCCCTCAATTCTCAA,GGAG,AAAAAGCCATGGCCA,8,GCCCTCAATTCTCAAGGAGAAAAAGCCATGGCCA
PA1659,GGACAAAGAGTAAGC,GGAG,CTTTCCATGACTGGA,6,GGACAAAGAGTAAGCGGAGCTTTCCATGACTGGA
PA1316,CAGCGCCCTCTCATC,GGAG,TACTCCATGAACCCT,6,CAGCGCCCTCTCATCGGAGTACTCCATGAACCCT
PA0448,CGAAACCGGCACTCC,GGAG,TCCTCCATGCGACGC,6,CGAAACCGGCACTCCGGAGTCCTCCATGCGACGC
PA2151,CCGAACCCACGTCCC,GGAG,GAGCGCGCCTCGATG,12,CCGAACCCACGTCCCGGAGGAGCGCGCCTCGATG
PA1605,TCACTCAGGCCTATC,AGGAGG,AATGCCATGGCTGGC,6,TCACTCAGGCCTATCAGGAGGAATGCCATGGCTGGC
PA1200,GGTGCCCTGAGGCGG,GGAG,GTCCGGGCCGATGAC,10,GGTGCCCTGAGGCGGGGAGGTCCGGGCCGATGAC
PA2032,GCTTTCGCTCACCCT,GGAG,TCCCGCTCATGACCC,8,GCTTTCGCTCACCCTGGAGTCCCGCTCATGACCC
PA0953,GTTTTCCTGACTCGA,GAGG,TTCCTGACATGGGGA,8,GTTTTCCTGACTCGAGAGGTTCCTGACATGGGGA
osmE,ACCGCTCAACCACAA,GGAG,TCACAGCATGTACAA,7,ACCGCTCAACCACAAGGAGTCACAGCATGTACAA
phuR,ACCGGCCCGACCCAA,GGAG,TCCCACATGCCGCTC,6,ACCGGCCCGACCCAAGGAGTCCCACATGCCGCTC
PA1711,CGCTGCGGTCGGCAT,GAGG,GTTTGAGCGGCCCCA,14,CGCTGCGGTCGGCATGAGGGTTTGAGCGGCCCCA
PA1111,CCAACTTAAGGAACC,GGAG,AGGAGACCCTCATGC,11,CCAACTTAAGGAACCGGAGAGGAGACCCTCATGC
PA1111,TTAAGGAACCGGAGA,GGAG,ACCCTCATGCAGTCA,6,TTAAGGAACCGGAGAGGAGACCCTCATGCAGTCA
fleR,TCTTTCTGCGATTCA,GGAG,TAACCCCATGGCAGC,7,TCTTTCTGCGATTCAGGAGTAACCCCATGGCAGC
PA4993,GCGATGACCCGACAA,GGAG,CCCCGTATGCCCCGT,6,GCGATGACCCGACAAGGAGCCCCGTATGCCCCGT
PA4141,CATGGGAAGCCTAAA,GGAG,ATATATGAAATGAAA,9,CATGGGAAGCCTAAAGGAGATATATGAAATGAAA
PA0848,CAACCCAACCTTCTA,GGAG,CCTCGCGATGAGCGT,7,CAACCCAACCTTCTAGGAGCCTCGCGATGAGCGT
PA4897,CGATCTCGTGCGACA,GAGG,GAATGAGAGCCCGCA,15,CGATCTCGTGCGACAGAGGGAATGAGAGCCCGCA
PA1665,GGCAAGTGACCGCAA,GGAG,CGATCTCATGGAACT,7,GGCAAGTGACCGCAAGGAGCGATCTCATGGAACT
pqsC,ACCCTGGAACTGGCG,GGAG,AAGCTCATGCATAAG,6,ACCCTGGAACTGGCGGGAGAAGCTCATGCATAAG
PA1765,ACCGTACGACCTTCT,GAGG,GCTGGAGCATGATGC,11,ACCGTACGACCTTCTGAGGGCTGGAGCATGATGC
PA1765,GACCTTCTGAGGGCT,GGAG,CATGATGCGCGCATC,4,GACCTTCTGAGGGCTGGAGCATGATGCGCGCATC
PA3890,GGCCAGGCCGGCCAG,GGAG,GTAGCCAGTAATGGA,10,GGCCAGGCCGGCCAGGGAGGTAGCCAGTAATGGA
galE,TGTACGTATCAAGGT,GAGG,CGAGATGCGCGTATT,4,TGTACGTATCAAGGTGAGGCGAGATGCGCGTATT
PA0187,TCCTGATTTTCTTCC,GGAG,GAGAGCGGTCATATG,12,TCCTGATTTTCTTCCGGAGGAGAGCGGTCATATG
PA2166,AGAATCTGATGAGAC,AGGAGG,CCAGCAATGCTAGAT,6,AGAATCTGATGAGACAGGAGGCCAGCAATGCTAGAT
PA2751,GCACGCACACAGCAA,GGAG,ATGGAATGTTCCGTA,5,GCACGCACACAGCAAGGAGATGGAATGTTCCGTA
pqsB,TCACGACAACCTTCC,GGAG,GAACGGGCATGTTGA,8,TCACGACAACCTTCCGGAGGAACGGGCATGTTGA
pqsA,ATGCATATCGCTGAA,GAGG,GAACGTTCTGTCATG,12,ATGCATATCGCTGAAGAGGGAACGTTCTGTCATG
PA2041,GAAAAAGAAGAAATC,GAGG,CAAGCATACCCATGT,11,GAAAAAGAAGAAATCGAGGCAAGCATACCCATGT
PA0921,TGTCCGACCATTTCC,GAGG,GGGGAAGGGTGACGA,14,TGTCCGACCATTTCCGAGGGGGGAAGGGTGACGA
PA2381,ACCGAGAAAGCAAGC,GGAG,GCACCCATGAACCAC,6,ACCGAGAAAGCAAGCGGAGGCACCCATGAACCAC
PA3371,ACGGAGAGGGCTCCG,GGAG,TGAAACCATGTCACG,7,ACGGAGAGGGCTCCGGGAGTGAAACCATGTCACG
PA2422,AAACCAGCTTATGAA,GGAG,CTGACCCATGGCTAA,7,AAACCAGCTTATGAAGGAGCTGACCCATGGCTAA
